{ "compressionlevel":-1,
 "editorsettings":
    {
     "export":
        {
         "format":"json",
         "target":"the_recruiter_tilemap_boering_2.json"
        }
    },
 "height":16,
 "infinite":false,
 "layers":[
        {
         "data":[96, 4697, 96, 4697, 96, 4697, 96, 4697, 96, 4697, 96, 4697, 96, 4697, 96, 4697, 96, 4697, 96, 4697, 96, 4697, 96, 4697, 96, 4697, 96, 4697, 96, 4697, 96, 4697, 96, 4697, 96, 4697, 96, 4697, 96, 4697, 96, 4697, 96, 4697, 96, 4697, 96, 4697, 96, 4697, 96, 4697, 96, 4697, 96, 4697, 96, 4697, 96, 4697, 96, 4697, 96, 4697, 96, 4697, 96, 4697, 96, 4697, 96, 4697, 96, 4697, 96, 4697, 96, 4697, 96, 4697, 96, 4697, 96, 4697, 96, 4697, 96, 4697, 96, 4697, 96, 4697, 96, 4697, 96, 4697, 96, 4697, 96, 4697, 96, 4697, 96, 4697, 96, 4697, 96, 4697, 96, 4697, 96, 4697, 96, 4697, 96, 4697, 96, 4697, 96, 4697, 96, 4697, 96, 4697, 96, 4697, 96, 4697, 96, 4697, 96, 4697, 96, 4697, 96, 4697, 96, 4697, 96, 4697, 96, 4697, 96, 4697, 96, 4697, 96, 4697, 96, 4697, 96, 4697, 96, 4697, 96, 4697, 96, 4697, 96, 4697, 96, 4697, 96, 4697, 96, 4697, 96, 4697, 96, 4697, 96, 4697, 96, 4697, 96, 4697, 96, 4697, 96, 4697, 96, 4697, 96, 4697, 96, 4697, 96, 4697, 96, 4697, 96, 4697, 96, 4697, 96, 4697, 96, 4697, 96, 4697, 96, 4697, 96, 4697, 96, 4697, 96, 4697, 96, 4697, 96, 4697, 96, 4697, 96, 4697, 96, 4697, 96, 4697, 96, 4697, 96, 4697, 96, 4697, 96, 4697, 96, 4697, 96, 4697, 96, 4697, 96, 4697, 96, 4697, 96, 4697, 96, 4697, 96, 4697, 96, 4697, 96, 4697, 96, 4697, 96, 4697, 96, 4697, 96, 4697],
         "height":16,
         "id":1,
         "name":"background",
         "opacity":1,
         "type":"tilelayer",
         "visible":true,
         "width":16,
         "x":0,
         "y":0
        }, 
        {
         "data":[0, 0, 0, 0, 0, 0, 0, 0, 0, 0, 0, 0, 0, 473, 473, 473, 0, 0, 0, 0, 0, 0, 0, 0, 0, 0, 0, 0, 0, 473, 473, 473, 0, 0, 0, 0, 0, 0, 0, 0, 0, 0, 0, 0, 0, 1091, 1092, 1107, 0, 0, 0, 0, 0, 0, 0, 0, 0, 0, 0, 0, 0, 1181, 1182, 1183, 0, 0, 0, 0, 0, 0, 0, 0, 0, 0, 0, 0, 0, 473, 473, 473, 0, 0, 0, 0, 0, 0, 0, 0, 0, 0, 0, 0, 0, 473, 473, 473, 0, 0, 0, 0, 0, 0, 0, 0, 0, 0, 0, 0, 0, 1091, 1092, 1107, 0, 0, 0, 0, 0, 0, 0, 0, 0, 0, 0, 0, 0, 1181, 1182, 1183, 0, 0, 0, 0, 0, 0, 0, 0, 0, 0, 0, 0, 0, 473, 473, 473, 0, 0, 0, 0, 0, 0, 0, 0, 0, 0, 0, 0, 0, 473, 473, 473, 0, 0, 0, 0, 0, 0, 0, 0, 0, 0, 0, 0, 0, 1091, 1092, 1107, 0, 0, 0, 0, 0, 0, 0, 0, 0, 0, 0, 0, 0, 1181, 1182, 1183, 0, 0, 0, 0, 0, 0, 0, 0, 0, 0, 0, 0, 0, 473, 473, 473, 0, 0, 0, 0, 0, 0, 0, 0, 0, 0, 0, 0, 0, 473, 473, 473, 0, 0, 0, 0, 0, 0, 0, 0, 0, 0, 0, 0, 0, 1091, 1092, 1107, 0, 0, 0, 0, 0, 0, 0, 0, 0, 0, 0, 0, 0, 1181, 1182, 1183],
         "height":16,
         "id":3,
         "name":"booths",
         "opacity":1,
         "type":"tilelayer",
         "visible":true,
         "width":16,
         "x":0,
         "y":0
        }],
 "nextlayerid":4,
 "nextobjectid":1,
 "orientation":"orthogonal",
 "renderorder":"right-down",
 "tiledversion":"1.5.0",
 "tileheight":16,
 "tilesets":[
        {
         "columns":90,
         "firstgid":1,
         "image":"..\/openpixels-master_0\/openpixels-master\/open_tileset.png",
         "imageheight":1216,
         "imagewidth":1440,
         "margin":0,
         "name":"open_tileset",
         "spacing":0,
         "tilecount":6840,
         "tileheight":16,
         "tilewidth":16,
         "transparentcolor":"#000000"
        }],
 "tilewidth":16,
 "type":"map",
 "version":1.5,
 "width":16
}